{
  "speed_add_1M": 91.70965000521392,
  "speed_mul_1M": 41.90153005765751,
  "speed_relu_1M": 19.903029897250235,
  "speed_sigmoid_1M": 163.50012010661885,
  "speed_exp_1M": 47.90343024069443,
  "speed_log_1M": 1020.6074998131953,
  "speed_tanh_1M": 213.76129996497184,
  "speed_gelu_1M": 148.48562015686184,
  "speed_matmul_64": 5.154389946255833,
  "speed_matmul_256": 145.44839999871328,
  "speed_matmul_1024": 2852.8855997137725,
  "speed_mlp_fwd_b32": 50.04151986213401,
  "speed_mlp_bwd_b32": 389.4606599351391,
  "speed_train_step_b32": 747.7962999837473,
  "speed_transformer_fwd": 1874.2278002901003,
  "speed_transformer_bwd": 3582.1499671631805,
  "speed_conv2d_fwd": 120.58535998221487,
  "speed_lstm_fwd": 2131.2419802416116,
  "speed_layernorm_fwd": 7.35462992452085,
  "speed_softmax_fwd": 6.7084599868394434,
  "speed_embedding_fwd": 11.20064000133425,
  "correct_mlp_loss_decrease": false,
  "correct_mlp_losses": [
    1.6936631202697754,
    1.6837708950042725,
    1.638311743736267,
    1.6016783714294434,
    1.6139838695526123,
    1.7004668712615967,
    1.6949526071548462,
    1.7150084972381592,
    1.58443021774292,
    1.7593246698379517
  ],
  "correct_autograd_maxerr": 0.008148193359374112,
  "correct_autograd_pass": false,
  "correct_softmax_maxdev": 1.7881393432617188e-07,
  "correct_softmax_pass": true,
  "correct_layernorm_mean_err": 8.195638656616211e-08,
  "correct_layernorm_var_err": 5.960464477539062e-07,
  "correct_layernorm_pass": true,
  "correct_ce_has_gradient": true,
  "correct_adamw_norm_before": 1.8175731897354126,
  "correct_adamw_norm_after": 4.766693115234375,
  "correct_conv2d_shape": true,
  "correct_conv2d_output_shape": [
    2,
    16,
    16,
    16
  ],
  "correct_dropout_zero_frac": 0.3027999997138977,
  "correct_dropout_pass": true,
  "correct_embedding_pass": true,
  "correct_rope_dot_original": -3.4872167110443115,
  "correct_rope_dot_rotated": -3.487215518951416,
  "correct_causal_mask_upper_sum": 0.0,
  "correct_causal_mask_pass": true,
  "correct_checkpoint_pass": true,
  "task_cnn_time_s": 0.2749259590054862,
  "task_cnn_final_loss": 2.3005151748657227,
  "task_lm_time_s": 0.2594787109992467,
  "task_lm_final_loss": 7.069908952713012,
  "task_ae_time_s": 0.11355117100174539,
  "task_ae_final_loss": 0.9740249276161194
}